game_id,batter_id,pitcher_id,pitch,pitch_type,event_type
1,544725,1,,FF,foul
1,544725,1,,CU,ball
1,544725,1,,FF,ball
1,544725,1,,CH,swinging_strike
1,544725,1,,CU,foul
1,544725,1,,FT,field_out
1,660162,1,,CU,called_strike
1,660162,1,,CU,swinging_strike
1,660162,1,,FF,foul
1,660162,1,,CH,ball
1,660162,1,,CH,ball
1,660162,1,,FF,foul
1,660162,1,,CH,ball
1,660162,1,,CU,walk
1,547989,1,,,pickoff_attempt
1,547989,1,,FT,ball
1,547989,1,,CU,foul
1,547989,1,,FF,hit_by_pitch
1,543510,1,,FT,single
1,641313,1,,FT,ball
1,641313,1,,CU,swinging_strike
1,641313,1,,FT,foul
1,641313,1,,CH,ball
1,641313,1,,CH,foul
1,641313,1,,CU,foul
1,641313,1,,FF,field_out
1,650391,1,,FT,foul
1,650391,1,,CU,ball
1,650391,1,,CU,ball
1,650391,1,,FF,single
1,605508,1,,FF,ball
1,605508,1,,CH,ball
1,605508,1,,FF,ball
1,605508,1,,FF,walk
1,570560,1,,CU,called_strike
1,570560,1,,CH,blocked_ball
1,570560,1,,FF,called_strike
1,570560,1,,CU,single
1,625643,1,,FF,called_strike
1,625643,1,,FF,field_out
1,544725,1,,CU,ball
1,544725,1,,FF,foul
1,544725,1,,FF,foul_tip
1,544725,1,,FF,foul
1,544725,1,,CH,ball
1,544725,1,,FF,ball
1,544725,1,,FF,foul
1,544725,1,,FF,strikeout
1,660162,1,,CH,called_strike
1,660162,1,,CU,swinging_strike
1,660162,1,,FF,home_run
1,547989,1,,CU,swinging_strike
1,547989,1,,FF,ball
1,547989,1,,FT,swinging_strike
1,547989,1,,CU,field_out
1,543510,1,,CU,called_strike
1,543510,1,,CU,called_strike
1,543510,1,,CU,ball
1,543510,1,,CH,ball
1,543510,1,,CU,strikeout
1,641313,1,,FF,foul
1,641313,1,,FF,field_out
1,650391,1,,CU,swinging_strike
1,650391,1,,CU,foul
1,650391,1,,FF,foul
1,650391,1,,CU,ball
1,650391,1,,CU,ball
1,650391,1,,CH,strikeout
1,605508,1,,CU,called_strike
1,605508,1,,FF,foul
1,605508,1,,FT,ball
1,605508,1,,CH,ball
1,605508,1,,CH,strikeout
1,570560,1,,FF,called_strike
1,570560,1,,FF,ball
1,570560,1,,FF,swinging_strike
1,570560,1,,CH,field_error
1,625643,1,,,pickoff_attempt
1,625643,1,,FF,foul_bunt
1,625643,1,,FF,called_strike
1,625643,1,,CU,ball
1,625643,1,,FF,strikeout
1,544725,1,,CU,foul
1,544725,1,,,pickoff_attempt
1,544725,1,,,pickoff_attempt
1,544725,1,,FF,foul
1,544725,1,,FF,ball
1,544725,1,,CU,force_out
1,660162,1,,,pickoff_attempt
1,660162,1,,,pickoff_attempt
1,660162,1,,FF,foul
1,660162,1,,CH,caught_stealing_2b
1,660162,1,,FF,ball
1,660162,1,,FT,ball
1,660162,1,,CH,swinging_strike
1,660162,1,,FF,foul
1,660162,1,,CU,foul
1,660162,1,,FF,ball
1,660162,1,,FF,walk
1,547989,1,,FT,swinging_strike
1,547989,1,,CU,swinging_strike
1,547989,1,,,pickoff_attempt
1,547989,1,,FF,double
1,543510,1,,FT,blocked_ball
1,543510,1,,CU,swinging_strike
1,543510,1,,FT,field_out
1,641313,1,,CU,field_out
1,650391,1,,FT,blocked_ball
1,650391,1,,FT,foul
1,650391,1,,CU,blocked_ball
1,650391,1,,FT,foul
1,650391,1,,CU,strikeout
2,594824,1,,FF,ball
2,594824,1,,FF,called_strike
2,594824,1,,CH,field_out
2,665487,1,,CU,called_strike
2,665487,1,,CH,called_strike
2,665487,1,,CH,ball
2,665487,1,,CH,double
2,543333,1,,,pickoff_attempt
2,543333,1,,CU,called_strike
2,543333,1,,CH,ball
2,543333,1,,FF,field_out
2,592669,1,,CU,ball
2,592669,1,,FF,called_strike
2,592669,1,,CU,foul
2,592669,1,,FF,strikeout
2,614177,1,,FF,single
2,435079,1,,FT,called_strike
2,435079,1,,CH,foul
2,435079,1,,FT,foul
2,435079,1,,CH,foul
2,435079,1,,CU,grounded_into_double_play
2,664119,1,,FF,ball
2,664119,1,,CH,swinging_strike
2,664119,1,,CH,field_out
2,606131,1,,FF,single
2,622534,1,,CU,called_strike
2,622534,1,,CH,swinging_strike
2,622534,1,,CU,force_out
2,594824,1,,,pickoff_attempt
2,594824,1,,CU,field_out
2,665487,1,,,pickoff_attempt
2,665487,1,,FT,ball
2,665487,1,,CU,stolen_base_2b
2,665487,1,,FT,ball
2,665487,1,,CH,swinging_strike
2,665487,1,,FF,foul
2,665487,1,,CU,strikeout
2,543333,1,,CU,swinging_strike
2,543333,1,,FF,ball
2,543333,1,,CH,foul
2,543333,1,,CU,ball
2,543333,1,,CU,ball
2,543333,1,,FF,strikeout
2,592669,1,,FT,field_out
2,614177,1,,FF,swinging_strike
2,614177,1,,FF,single
2,435079,1,,FF,ball
2,435079,1,,CU,wild_pitch
2,435079,1,,FF,foul
2,435079,1,,FF,swinging_strike
2,435079,1,,FF,foul
2,435079,1,,CH,foul
2,435079,1,,FF,foul
2,435079,1,,FT,single
2,664119,1,,,pickoff_attempt
2,664119,1,,,pickoff_attempt
2,664119,1,,CU,called_strike
2,664119,1,,CH,force_out
2,571976,1,,FT,ball
2,571976,1,,FF,called_strike
2,571976,1,,CH,swinging_strike
2,571976,1,,CH,field_error
2,622534,1,,FF,ball
2,622534,1,,,pickoff_attempt
2,622534,1,,CU,ball
2,622534,1,,FT,ball
2,622534,1,,FF,called_strike
2,622534,1,,FF,field_out
2,594824,1,,,pickoff_attempt
2,594824,1,,FF,called_strike
2,594824,1,,FT,stolen_base_2b
2,594824,1,,CH,called_strike
2,594824,1,,FF,single
2,665487,1,,CU,called_strike
2,665487,1,,FT,grounded_into_double_play
2,543333,1,,CH,ball
2,543333,1,,CH,called_strike
2,543333,1,,FF,foul
2,543333,1,,CU,ball
2,543333,1,,CU,field_out
2,592669,1,,CU,ball
2,592669,1,,CU,called_strike
2,592669,1,,FF,foul_tip
2,592669,1,,CU,ball
2,592669,1,,FF,foul
2,592669,1,,CH,ball
2,592669,1,,CU,field_out
2,614177,1,,FT,ball
2,614177,1,,CH,called_strike
2,614177,1,,FF,ball
2,614177,1,,CU,swinging_strike
2,614177,1,,CU,strikeout
2,435079,1,,FF,foul
2,435079,1,,CU,foul
2,435079,1,,CU,foul
2,435079,1,,FT,ball
2,435079,1,,FT,ball
2,435079,1,,CH,ball
2,435079,1,,CU,foul
2,435079,1,,FF,strikeout
2,664119,1,,CH,ball
2,664119,1,,FT,foul
2,664119,1,,CU,swinging_strike
2,664119,1,,CU,ball
2,664119,1,,CH,ball
2,664119,1,,FF,strikeout
2,647304,1,,CH,called_strike
2,647304,1,,CU,ball
2,647304,1,,CU,ball
2,647304,1,,CH,swinging_strike
2,647304,1,,FF,field_out
3,606466,1,,FF,home_run
3,545121,1,,FF,ball
3,545121,1,,FF,foul
3,545121,1,,CU,ball
3,545121,1,,FF,foul
3,545121,1,,FF,field_out
3,444482,1,,CU,called_strike
3,444482,1,,CH,swinging_strike
3,444482,1,,CH,ball
3,444482,1,,CH,field_out
3,430945,1,,CU,ball
3,430945,1,,FF,home_run
3,500871,1,,CH,foul
3,500871,1,,FF,ball
3,500871,1,,CH,foul
3,500871,1,,FF,ball
3,500871,1,,CH,foul
3,500871,1,,CU,strikeout
3,572233,1,,FF,called_strike
3,572233,1,,CH,ball
3,572233,1,,CU,home_run
3,605113,1,,FF,called_strike
3,605113,1,,FT,called_strike
3,605113,1,,CU,ball
3,605113,1,,FF,triple
3,608348,1,,FF,ball
3,608348,1,,CH,blocked_ball
3,608348,1,,FF,foul
3,608348,1,,FT,blocked_ball
3,608348,1,,FF,single
3,664199,1,,FF,foul_bunt
3,664199,1,,CU,ball
3,664199,1,,FF,foul_bunt
3,664199,1,,FF,strikeout
3,606466,1,,CH,ball
3,606466,1,,FT,ball
3,606466,1,,CH,foul
3,606466,1,,FT,foul
3,606466,1,,CU,blocked_ball
3,606466,1,,CH,field_out
3,545121,1,,FF,called_strike
3,545121,1,,FF,ball
3,545121,1,,CH,foul
3,545121,1,,CH,foul
3,545121,1,,FT,foul
3,545121,1,,CU,strikeout
3,444482,1,,CH,field_out
3,430945,1,,FT,called_strike
3,430945,1,,CH,foul
3,430945,1,,FT,ball
3,430945,1,,CH,strikeout
3,500871,1,,FF,called_strike
3,500871,1,,FT,swinging_strike
3,500871,1,,FF,ball
3,500871,1,,FT,single
3,572233,1,,,pickoff_attempt
3,572233,1,,FT,ball
3,572233,1,,FT,single
3,605113,1,,FT,called_strike
3,605113,1,,FT,called_strike
3,605113,1,,CH,blocked_ball
3,605113,1,,CU,double
3,664199,1,,FF,called_strike
3,664199,1,,CU,field_out
3,606466,1,,CU,ball
3,606466,1,,FF,ball
3,606466,1,,CH,ball
3,606466,1,,FF,called_strike
3,606466,1,,FF,home_run
3,545121,1,,CH,called_strike
3,545121,1,,CU,ball
3,545121,1,,CH,foul
3,545121,1,,FF,field_out
3,444482,1,,FT,field_out
3,430945,1,,CU,ball
3,430945,1,,CU,called_strike
3,430945,1,,CH,ball
3,430945,1,,CU,called_strike
3,430945,1,,CU,field_out
3,500871,1,,CU,called_strike
3,500871,1,,FF,ball
3,500871,1,,FF,foul
3,500871,1,,CH,ball
3,500871,1,,CU,foul
3,500871,1,,FF,ball
3,500871,1,,CH,field_out
3,572233,1,,FF,ball
3,572233,1,,CH,foul_tip
3,572233,1,,FT,called_strike
3,572233,1,,CH,ball
3,572233,1,,FT,field_out
3,605113,1,,CU,ball
3,605113,1,,FF,swinging_strike
3,605113,1,,FT,called_strike
3,605113,1,,FT,foul
3,605113,1,,CH,strikeout
4,660670,1,,FT,ball
4,660670,1,,FT,field_out
4,621020,1,,CU,ball
4,621020,1,,FT,ball
4,621020,1,,CU,called_strike
4,621020,1,,FT,field_out
4,518692,1,,FF,ball
4,518692,1,,CH,ball
4,518692,1,,FT,ball
4,518692,1,,FT,swinging_strike
4,518692,1,,FF,foul
4,518692,1,,FT,field_out
4,518626,1,,FT,ball
4,518626,1,,FT,called_strike
4,518626,1,,CH,ball
4,518626,1,,CU,ball
4,518626,1,,FF,swinging_strike
4,518626,1,,FT,walk
4,455976,1,,CU,called_strike
4,455976,1,,FT,force_out
4,663586,1,,FT,foul
4,663586,1,,CH,ball
4,663586,1,,,pickoff_attempt
4,663586,1,,FT,home_run
4,435263,1,,CU,called_strike
4,435263,1,,FF,swinging_strike
4,435263,1,,FF,strikeout
4,645277,1,,FF,ball
4,645277,1,,CU,field_out
4,572971,1,,FF,called_strike
4,572971,1,,FF,field_out
4,660670,1,,FT,ball
4,660670,1,,FT,foul
4,660670,1,,FT,field_out
4,621020,1,,FT,ball
4,621020,1,,CH,ball
4,621020,1,,FT,called_strike
4,621020,1,,CU,called_strike
4,621020,1,,CU,ball
4,621020,1,,CU,single
4,518692,1,,,pickoff_attempt
4,518692,1,,CU,double
4,518626,1,,FT,swinging_strike
4,518626,1,,FT,foul
4,518626,1,,FT,ball
4,518626,1,,CU,strikeout
4,455976,1,,FT,called_strike
4,455976,1,,FT,foul
4,455976,1,,CH,ball
4,455976,1,,CH,foul
4,455976,1,,CU,field_out
4,663586,1,,CH,ball
4,663586,1,,FT,foul
4,663586,1,,FT,foul
4,663586,1,,FF,ball
4,663586,1,,CU,foul
4,663586,1,,CU,strikeout
4,435263,1,,FT,ball
4,435263,1,,CH,ball
4,435263,1,,CU,ball
4,435263,1,,FF,called_strike
4,435263,1,,FF,field_out
4,645277,1,,FT,ball
4,645277,1,,CH,swinging_strike
4,645277,1,,CH,field_out
4,572971,1,,FF,ball
4,572971,1,,FF,foul
4,572971,1,,CU,ball
4,572971,1,,FT,ball
4,572971,1,,FT,called_strike
4,572971,1,,FF,foul
4,572971,1,,FT,walk
4,660670,1,,FT,foul
4,660670,1,,CU,swinging_strike
4,660670,1,,FF,ball
4,660670,1,,CU,blocked_ball
4,660670,1,,CU,ball
4,660670,1,,FT,walk
4,621020,1,,FT,called_strike
4,621020,1,,FT,ball
4,621020,1,,CU,grounded_into_double_play
4,518692,1,,FT,foul
4,518692,1,,FF,foul
4,518692,1,,CH,strikeout
4,518626,1,,CU,swinging_strike
4,518626,1,,CU,ball
4,518626,1,,FT,swinging_strike
4,518626,1,,FF,foul
4,518626,1,,CH,ball
4,518626,1,,CH,single
4,455976,1,,CU,called_strike
4,455976,1,,FT,single
4,663586,1,,CU,swinging_strike
4,663586,1,,FT,ball
4,663586,1,,CU,swinging_strike
4,663586,1,,FF,strikeout
4,435263,1,,FF,ball
4,435263,1,,CH,ball
4,435263,1,,FF,called_strike
4,435263,1,,FF,foul_tip
4,435263,1,,FF,foul
4,435263,1,,CU,ball
4,435263,1,,FF,field_out
5,500743,1,,FF,double
5,623912,1,,CU,called_strike
5,623912,1,,FT,foul
5,623912,1,,CU,blocked_ball
5,623912,1,,CH,foul
5,623912,1,,FF,foul
5,623912,1,,FT,ball
5,623912,1,,FT,field_out
5,643265,1,,FF,stolen_base_3b
5,643265,1,,CU,foul
5,643265,1,,CU,strikeout
5,605119,1,,FF,foul
5,605119,1,,FT,field_out
5,435522,1,,FT,ball
5,435522,1,,FT,ball
5,435522,1,,CH,ball
5,435522,1,,FF,called_strike
5,435522,1,,CH,swinging_strike
5,435522,1,,FF,foul
5,435522,1,,CU,strikeout
5,516770,1,,FT,foul
5,516770,1,,CU,ball
5,516770,1,,CU,foul
5,516770,1,,CH,ball
5,516770,1,,FF,foul
5,516770,1,,CU,ball
5,516770,1,,CU,foul
5,516770,1,,FT,field_out
5,595375,1,,FT,field_out
5,592407,1,,CU,called_strike
5,592407,1,,FF,called_strike
5,592407,1,,CU,single
5,645261,1,,FF,hit_by_pitch
5,500743,1,,CU,foul_bunt
5,500743,1,,CU,called_strike
5,500743,1,,CH,ball
5,500743,1,,FT,ball
5,500743,1,,CU,double
5,623912,1,,CU,called_strike
5,623912,1,,FT,ball
5,623912,1,,FT,field_out
5,643265,1,,CU,called_strike
5,643265,1,,FF,foul
5,643265,1,,CH,ball
5,643265,1,,CU,ball
5,643265,1,,CU,field_out
5,605119,1,,CU,called_strike
5,605119,1,,CH,ball
5,605119,1,,CH,ball
5,605119,1,,CU,swinging_strike
5,605119,1,,FT,field_out
5,435522,1,,CU,called_strike
5,435522,1,,FF,ball
5,435522,1,,CH,foul
5,435522,1,,FF,field_out
5,516770,1,,FT,field_out
5,595375,1,,CU,called_strike
5,595375,1,,CU,swinging_strike
5,595375,1,,CU,ball
5,595375,1,,CH,field_out
5,592407,1,,FT,ball
5,592407,1,,CU,ball
5,592407,1,,CU,called_strike
5,592407,1,,FF,field_out
5,645261,1,,FF,called_strike
5,645261,1,,CU,called_strike
5,645261,1,,CU,strikeout
5,500743,1,,CU,called_strike
5,500743,1,,FF,ball
5,500743,1,,FF,ball
5,500743,1,,CU,single
5,623912,1,,,pickoff_attempt
5,623912,1,,,pickoff_attempt
5,623912,1,,FF,foul
5,623912,1,,FF,foul
5,623912,1,,,pickoff_attempt
5,623912,1,,CU,blocked_ball
5,623912,1,,CU,single
5,643265,1,,FF,single
5,605119,1,,CU,field_out
5,435522,1,,FF,called_strike
5,435522,1,,FT,foul
5,435522,1,,CH,ball
5,435522,1,,CH,ball
5,435522,1,,CU,field_out
5,516770,1,,CH,called_strike
5,516770,1,,FF,foul
5,516770,1,,CH,ball
5,516770,1,,CH,foul
5,516770,1,,FT,field_out
5,595375,1,,CH,ball
5,595375,1,,CU,ball
5,595375,1,,CU,ball
5,595375,1,,FF,called_strike
5,595375,1,,CH,foul_tip
5,595375,1,,CU,strikeout
5,592407,1,,FT,swinging_strike
5,592407,1,,CH,swinging_strike
5,592407,1,,CH,ball
5,592407,1,,FT,ball
5,592407,1,,CU,field_out
5,434158,1,,CU,ball
5,434158,1,,CU,field_out
5,500743,1,,CH,ball
5,500743,1,,CH,ball
5,500743,1,,FF,swinging_strike
5,500743,1,,FF,double
5,623912,1,,CH,ball
5,623912,1,,CU,called_strike
5,623912,1,,CH,ball
5,623912,1,,FF,swinging_strike
5,623912,1,,FF,foul
5,623912,1,,FF,foul
5,623912,1,,CH,field_out
6,500743,1,,FF,ball
6,500743,1,,CU,called_strike
6,500743,1,,FF,foul
6,500743,1,,CH,strikeout
6,623912,1,,CU,ball
6,623912,1,,FT,foul
6,623912,1,,CU,called_strike
6,623912,1,,CH,foul
6,623912,1,,CH,strikeout
6,643265,1,,CU,ball
6,643265,1,,CU,swinging_strike
6,643265,1,,FT,foul
6,643265,1,,FF,ball
6,643265,1,,CU,foul
6,643265,1,,CH,ball
6,643265,1,,FF,walk
6,435522,1,,FT,called_strike
6,435522,1,,CU,called_strike
6,435522,1,,FF,ball
6,435522,1,,CH,field_out
6,516770,1,,CU,foul
6,516770,1,,FF,ball
6,516770,1,,CU,ball
6,516770,1,,FT,foul
6,516770,1,,FT,foul
6,516770,1,,FF,foul
6,516770,1,,CH,strikeout
6,434158,1,,FF,ball
6,434158,1,,CH,swinging_strike
6,434158,1,,CU,ball
6,434158,1,,CU,swinging_strike
6,434158,1,,FF,strikeout
6,595375,1,,CU,ball
6,595375,1,,CU,field_out
6,592407,1,,FF,foul
6,592407,1,,FT,field_out
6,645261,1,,FF,ball
6,645261,1,,CU,called_strike
6,645261,1,,FF,swinging_strike
6,645261,1,,FF,foul
6,645261,1,,FF,strikeout
6,500743,1,,CH,swinging_strike
6,500743,1,,CU,foul
6,500743,1,,FF,single
6,623912,1,,,pickoff_attempt
6,623912,1,,FT,called_strike
6,623912,1,,FT,called_strike
6,623912,1,,FF,field_out
6,643265,1,,FT,called_strike
6,643265,1,,CH,foul
6,643265,1,,FT,strikeout
6,435522,1,,CH,called_strike
6,435522,1,,CH,foul
6,435522,1,,FF,strikeout
6,516770,1,,FT,swinging_strike
6,516770,1,,CU,foul
6,516770,1,,FT,strikeout
6,434158,1,,CU,called_strike
6,434158,1,,FF,swinging_strike
6,434158,1,,FF,ball
6,434158,1,,CU,foul
6,434158,1,,CH,ball
6,434158,1,,CH,strikeout
6,595375,1,,CH,called_strike
6,595375,1,,CH,foul
6,595375,1,,CH,ball
6,595375,1,,CU,field_out
6,592407,1,,FT,single
6,645261,1,,CU,called_strike
6,645261,1,,CU,swinging_strike
6,645261,1,,CU,strikeout
6,500743,1,,FT,called_strike
6,500743,1,,CH,foul
6,500743,1,,CH,foul
6,500743,1,,FT,ball
6,500743,1,,CU,foul
6,500743,1,,CU,ball
6,500743,1,,FT,foul
6,500743,1,,CH,foul
6,500743,1,,CH,strikeout
6,623912,1,,CU,called_strike
6,623912,1,,FT,field_out
6,643265,1,,FT,field_out
6,435522,1,,CU,ball
6,435522,1,,FT,ball
6,435522,1,,FT,called_strike
6,435522,1,,CU,field_out
6,516770,1,,FT,called_strike
6,516770,1,,CH,foul
6,516770,1,,FT,ball
6,516770,1,,CU,foul
6,516770,1,,CH,ball
6,516770,1,,CH,strikeout
6,434158,1,,FF,foul
6,434158,1,,FF,ball
6,434158,1,,CU,swinging_strike
6,434158,1,,FF,foul
6,434158,1,,FF,ball
6,434158,1,,CH,strikeout
6,595375,1,,CU,ball
6,595375,1,,FT,ball
6,595375,1,,FF,ball
6,595375,1,,FF,called_strike
6,595375,1,,FT,swinging_strike
6,595375,1,,FF,walk
6,592407,1,,FT,foul
6,592407,1,,CH,hit_by_pitch
6,605119,1,,CU,swinging_strike
6,605119,1,,FT,blocked_ball
6,605119,1,,CU,swinging_strike
6,605119,1,,CU,strikeout
7,660670,1,,FT,ball
7,660670,1,,FT,called_strike
7,660670,1,,CU,single
7,621020,1,,,pickoff_attempt
7,621020,1,,FT,ball
7,621020,1,,CU,called_strike
7,621020,1,,,pickoff_attempt
7,621020,1,,,pickoff_attempt
7,621020,1,,CU,foul
7,621020,1,,CH,strikeout
7,518692,1,,,pickoff_attempt
7,518692,1,,,pickoff_attempt
7,518692,1,,CU,called_strike
7,518692,1,,FF,stolen_base_2b
7,518692,1,,CH,ball
7,518692,1,,CH,foul_tip
7,518692,1,,CH,ball
7,518692,1,,CH,single
7,518626,1,,FT,ball
7,518626,1,,FT,called_strike
7,518626,1,,FF,swinging_strike
7,518626,1,,CU,ball
7,518626,1,,CU,strikeout
7,455976,1,,CU,blocked_ball
7,455976,1,,CU,called_strike
7,455976,1,,FF,ball
7,455976,1,,CH,ball
7,455976,1,,CU,called_strike
7,455976,1,,CU,foul
7,455976,1,,FF,foul
7,455976,1,,CU,single
7,645277,1,,CU,blocked_ball
7,645277,1,,FT,called_strike
7,645277,1,,CU,swinging_strike
7,645277,1,,FF,ball
7,645277,1,,FF,ball
7,645277,1,,CU,strikeout
7,435263,1,,FF,ball
7,435263,1,,FT,foul
7,435263,1,,CH,swinging_strike
7,435263,1,,CH,strikeout
7,542255,1,,CU,ball
7,542255,1,,FT,foul_tip
7,542255,1,,CH,field_out
7,657140,1,,FF,ball
7,657140,1,,FF,foul
7,657140,1,,CU,called_strike
7,657140,1,,CU,strikeout
7,660670,1,,FF,called_strike
7,660670,1,,FF,swinging_strike
7,660670,1,,CU,ball
7,660670,1,,CU,ball
7,660670,1,,CH,foul
7,660670,1,,FF,foul
7,660670,1,,FF,field_out
7,621020,1,,FF,called_strike
7,621020,1,,CH,swinging_strike
7,621020,1,,FT,ball
7,621020,1,,FF,strikeout
7,518692,1,,CH,ball
7,518692,1,,FF,foul
7,518692,1,,CU,field_out
7,518626,1,,CU,called_strike
7,518626,1,,FT,ball
7,518626,1,,FT,foul
7,518626,1,,FF,ball
7,518626,1,,FF,ball
7,518626,1,,CU,walk
7,455976,1,,FT,called_strike
7,455976,1,,FT,force_out
7,645277,1,,FT,foul
7,645277,1,,CH,force_out
7,435263,1,,CU,called_strike
7,435263,1,,FF,ball
7,435263,1,,FT,double
7,542255,1,,FF,foul
7,542255,1,,FF,ball
7,542255,1,,CU,field_out
7,622666,1,,FF,ball
7,622666,1,,CU,called_strike
7,622666,1,,CU,swinging_strike
7,622666,1,,FF,ball
7,622666,1,,CU,ball
7,622666,1,,CU,single
7,660670,1,,CU,foul
7,660670,1,,CU,called_strike
7,660670,1,,FF,ball
7,660670,1,,CH,ball
7,660670,1,,CU,ball
7,660670,1,,FT,double_play
7,621020,1,,FT,single
7,518692,1,,FF,ball
7,518692,1,,FF,field_out
7,518626,1,,FT,swinging_strike
7,518626,1,,CH,ball
7,518626,1,,CU,swinging_strike
7,518626,1,,FF,ball
7,518626,1,,CU,ball
7,518626,1,,FF,foul
7,518626,1,,FF,walk
7,455976,1,,CU,ball
7,455976,1,,CH,called_strike
7,455976,1,,FF,foul
7,455976,1,,CH,strikeout
7,645277,1,,CU,called_strike
7,645277,1,,CU,ball
7,645277,1,,CH,triple
7,435263,1,,CU,ball
7,435263,1,,FF,ball
7,435263,1,,FF,foul
7,435263,1,,FF,single
8,453568,1,,FF,called_strike
8,453568,1,,CU,ball
8,453568,1,,FF,foul
8,453568,1,,CU,ball
8,453568,1,,FF,foul
8,453568,1,,CH,ball
8,453568,1,,CH,foul
8,453568,1,,FF,field_out
8,596115,1,,CU,ball
8,596115,1,,FT,called_strike
8,596115,1,,FT,double
8,621311,1,,FT,ball
8,621311,1,,CH,ball
8,621311,1,,FT,foul
8,621311,1,,CU,called_strike
8,621311,1,,CH,foul
8,621311,1,,CH,strikeout
8,571448,1,,FF,ball
8,571448,1,,FT,foul
8,571448,1,,CU,called_strike
8,571448,1,,CH,ball
8,571448,1,,CH,field_out
8,502517,1,,FF,field_out
8,435622,1,,FF,ball
8,435622,1,,FT,ball
8,435622,1,,CU,ball
8,435622,1,,FT,walk
8,641857,1,,CU,called_strike
8,641857,1,,FT,foul
8,641857,1,,CH,ball
8,641857,1,,CH,stolen_base_2b
8,641857,1,,CH,strikeout
8,455104,1,,FT,called_strike
8,455104,1,,CU,ball
8,455104,1,,FT,called_strike
8,455104,1,,FT,ball
8,455104,1,,CH,blocked_ball
8,455104,1,,CU,strikeout
8,663567,1,,FF,ball
8,663567,1,,FF,ball
8,663567,1,,FF,swinging_strike
8,663567,1,,FF,foul
8,663567,1,,CU,strikeout
8,453568,1,,FT,foul_bunt
8,453568,1,,CU,double
8,596115,1,,FT,foul
8,596115,1,,CU,called_strike
8,596115,1,,CH,blocked_ball
8,596115,1,,FF,foul
8,596115,1,,CU,blocked_ball
8,596115,1,,CU,strikeout
8,621311,1,,CH,blocked_ball
8,621311,1,,FT,foul
8,621311,1,,CH,ball
8,621311,1,,CU,called_strike
8,621311,1,,FF,strikeout
8,571448,1,,FT,foul
8,571448,1,,CH,swinging_strike
8,571448,1,,CH,ball
8,571448,1,,FT,single
8,502517,1,,CU,called_strike
8,502517,1,,,pickoff_attempt_1b
8,502517,1,,FF,ball
8,502517,1,,FT,called_strike
8,502517,1,,CH,field_out
8,435622,1,,CU,called_strike
8,435622,1,,CH,swinging_strike
8,435622,1,,FT,ball
8,435622,1,,CU,ball
8,435622,1,,CH,ball
8,435622,1,,CU,field_out
8,641857,1,,FF,field_out
8,455104,1,,CU,foul
8,455104,1,,CU,called_strike
8,455104,1,,FF,ball
8,455104,1,,CU,foul
8,455104,1,,FF,ball
8,455104,1,,FT,ball
8,455104,1,,CH,field_out
8,663567,1,,CU,ball
8,663567,1,,FF,ball
8,663567,1,,FF,swinging_strike
8,663567,1,,FF,ball
8,663567,1,,FF,walk
8,453568,1,,FT,foul
8,453568,1,,FF,swinging_strike
8,453568,1,,CH,strikeout
8,596115,1,,CU,called_strike
8,596115,1,,FT,ball
8,596115,1,,CH,blocked_ball
8,596115,1,,CU,called_strike
8,596115,1,,CU,field_out
8,621311,1,,CU,foul_tip
8,621311,1,,CU,ball
8,621311,1,,CH,swinging_strike
8,621311,1,,CH,ball
8,621311,1,,FF,ball
8,621311,1,,FF,foul
8,621311,1,,FF,field_out
8,571448,1,,FT,ball
8,571448,1,,CH,foul
8,571448,1,,FF,called_strike
8,571448,1,,FF,strikeout
8,502517,1,,CH,ball
8,502517,1,,FT,called_strike
8,502517,1,,CU,foul
8,502517,1,,FF,ball
8,502517,1,,CH,field_out
9,592626,1,,FT,called_strike
9,592626,1,,CU,called_strike
9,592626,1,,FT,strikeout
9,571970,1,,FF,swinging_strike
9,571970,1,,FT,ball
9,571970,1,,CU,ball
9,571970,1,,CU,foul
9,571970,1,,FF,ball
9,571970,1,,FF,strikeout
9,457759,1,,FF,foul
9,457759,1,,FF,foul
9,457759,1,,CU,ball
9,457759,1,,CH,field_out
9,641355,1,,FT,foul
9,641355,1,,CH,swinging_strike
9,641355,1,,FF,foul
9,641355,1,,FF,ball
9,641355,1,,CU,field_out
9,572041,1,,FF,ball
9,572041,1,,FF,field_out
9,608369,1,,FT,ball
9,608369,1,,CH,swinging_strike
9,608369,1,,CH,ball
9,608369,1,,CU,foul_tip
9,608369,1,,FT,foul
9,608369,1,,CH,ball
9,608369,1,,CH,strikeout
9,669257,1,,FF,foul
9,669257,1,,CU,called_strike
9,669257,1,,CU,ball
9,669257,1,,CH,ball
9,669257,1,,FF,foul
9,669257,1,,FF,foul
9,669257,1,,CU,foul
9,669257,1,,CU,strikeout
9,607461,1,,FF,field_out
9,621111,1,,FF,ball
9,621111,1,,FF,called_strike
9,621111,1,,CU,called_strike
9,621111,1,,CU,strikeout
9,592626,1,,CU,called_strike
9,592626,1,,FF,foul
9,592626,1,,CU,ball
9,592626,1,,CU,ball
9,592626,1,,FF,field_out
9,571970,1,,FF,field_out
9,457759,1,,FT,called_strike
9,457759,1,,FT,called_strike
9,457759,1,,FT,field_out
9,641355,1,,FF,called_strike
9,641355,1,,FF,field_out
9,572041,1,,CU,called_strike
9,572041,1,,CH,double
9,608369,1,,FT,called_strike
9,608369,1,,CH,field_out
9,669257,1,,CU,ball
9,669257,1,,CU,hit_by_pitch
9,607461,1,,CU,blocked_ball
9,607461,1,,FF,foul
9,607461,1,,FF,ball
9,607461,1,,CU,double
9,621111,1,,FF,called_strike
9,621111,1,,FF,ball
9,621111,1,,CU,ball
9,621111,1,,FF,field_out
9,592626,1,,FT,ball
9,592626,1,,FT,swinging_strike
9,592626,1,,CH,ball
9,592626,1,,CH,called_strike
9,592626,1,,CU,ball
9,592626,1,,CU,strikeout
9,571970,1,,CU,ball
9,571970,1,,CU,called_strike
9,571970,1,,FF,called_strike
9,571970,1,,FT,foul
9,571970,1,,CH,foul
9,571970,1,,CH,ball
9,571970,1,,FF,strikeout
9,457759,1,,CU,ball
9,457759,1,,CU,called_strike
9,457759,1,,CH,foul
9,457759,1,,CU,ball
9,457759,1,,FT,strikeout
9,641355,1,,FF,ball
9,641355,1,,FF,foul
9,641355,1,,CH,ball
9,641355,1,,CH,swinging_strike
9,641355,1,,FF,foul
9,641355,1,,CU,hit_by_pitch
9,572041,1,,FT,foul
9,572041,1,,CH,ball
9,572041,1,,CH,foul
9,572041,1,,FT,blocked_ball
9,572041,1,,FT,strikeout
9,608369,1,,CH,swinging_strike
9,608369,1,,FT,ball
9,608369,1,,FT,field_out
9,669257,1,,FF,called_strike
9,669257,1,,FF,foul
9,669257,1,,CU,field_out
10,502481,1,,FF,called_strike
10,502481,1,,FF,foul
10,502481,1,,CH,ball
10,502481,1,,CH,strikeout
10,606466,1,,CU,ball
10,606466,1,,FF,called_strike
10,606466,1,,FF,ball
10,606466,1,,CH,ball
10,606466,1,,FT,walk
10,500871,1,,FT,called_strike
10,500871,1,,FF,home_run
10,444482,1,,CU,ball
10,444482,1,,CU,called_strike
10,444482,1,,FT,field_out
10,572233,1,,FT,swinging_strike
10,572233,1,,CU,ball
10,572233,1,,FT,called_strike
10,572233,1,,FT,foul
10,572233,1,,CH,ball
10,572233,1,,CH,ball
10,572233,1,,FF,strikeout
10,571875,1,,FF,called_strike
10,571875,1,,FF,ball
10,571875,1,,FF,called_strike
10,571875,1,,CH,field_out
10,605113,1,,CU,ball
10,605113,1,,FT,home_run
10,488671,1,,FT,called_strike
10,488671,1,,FT,ball
10,488671,1,,CH,ball
10,488671,1,,CH,called_strike
10,488671,1,,FF,field_out
10,592662,1,,FF,ball
10,592662,1,,FF,ball
10,592662,1,,FF,called_strike
10,592662,1,,FF,ball
10,592662,1,,FF,swinging_strike
10,592662,1,,FF,strikeout
10,502481,1,,FF,ball
10,502481,1,,CH,ball
10,502481,1,,CH,ball
10,502481,1,,FF,called_strike
10,502481,1,,FF,field_out
10,606466,1,,FF,single
10,500871,1,,,pickoff_attempt_1b
10,500871,1,,FT,ball
10,500871,1,,CH,called_strike
10,500871,1,,CH,foul
10,500871,1,,FF,foul
10,500871,1,,,pickoff_attempt_1b
10,500871,1,,CH,foul
10,500871,1,,CH,blocked_ball
10,500871,1,,CU,strikeout
10,444482,1,,CH,foul
10,444482,1,,,pickoff_attempt_1b
10,444482,1,,CU,ball
10,444482,1,,CU,double
10,572233,1,,FF,foul
10,572233,1,,FT,single
10,571875,1,,FF,ball
10,571875,1,,CH,ball
10,571875,1,,CH,swinging_strike
10,571875,1,,FF,ball
10,571875,1,,CU,called_strike
10,571875,1,,FF,foul
10,571875,1,,CH,field_out
10,605113,1,,FF,single
10,488671,1,,CU,called_strike
10,488671,1,,CH,ball
10,488671,1,,,pickoff_attempt_1b
10,488671,1,,CH,ball
10,488671,1,,FF,called_strike
10,488671,1,,FF,field_out
10,592662,1,,FT,foul_bunt
10,592662,1,,FF,called_strike
10,592662,1,,CU,ball
10,592662,1,,FF,strikeout
10,502481,1,,CU,called_strike
10,502481,1,,CU,foul
10,502481,1,,FF,foul
10,502481,1,,CH,ball
10,502481,1,,CU,strikeout
10,606466,1,,CH,ball
10,606466,1,,CH,swinging_strike
10,606466,1,,FF,triple
10,500871,1,,CU,swinging_strike
10,500871,1,,CU,single
10,444482,1,,FT,ball
10,444482,1,,FT,foul
10,444482,1,,FT,grounded_into_double_play
10,572233,1,,CU,called_strike
10,572233,1,,FT,ball
10,572233,1,,CH,ball
10,572233,1,,FF,ball
10,572233,1,,CU,walk
10,571875,1,,CU,home_run
10,605113,1,,CU,ball
10,605113,1,,FT,called_strike
10,605113,1,,FT,swinging_strike
10,605113,1,,FT,ball
10,605113,1,,FT,ball
10,605113,1,,CH,strikeout
11,643446,1,,FF,swinging_strike
11,643446,1,,FF,foul
11,643446,1,,CU,ball
11,643446,1,,CU,strikeout
11,642708,1,,FF,called_strike
11,642708,1,,FF,foul_tip
11,642708,1,,CU,field_out
11,624424,1,,FT,field_out
11,624413,1,,FT,ball
11,624413,1,,FT,field_out
11,605204,1,,FF,called_strike
11,605204,1,,FF,called_strike
11,605204,1,,FF,ball
11,605204,1,,FF,foul
11,605204,1,,CU,foul
11,605204,1,,CH,strikeout
11,467092,1,,CU,ball
11,467092,1,,CU,field_out
11,453943,1,,FF,called_strike
11,453943,1,,CU,called_strike
11,453943,1,,CH,strikeout
11,605412,1,,FT,ball
11,605412,1,,CH,foul
11,605412,1,,CH,ball
11,605412,1,,FT,foul
11,605412,1,,CU,ball
11,605412,1,,CU,field_out
11,573186,1,,FF,swinging_strike
11,573186,1,,CU,field_out
11,643446,1,,CU,ball
11,643446,1,,CU,foul
11,643446,1,,FF,ball
11,643446,1,,CH,swinging_strike
11,643446,1,,CH,ball
11,643446,1,,CU,foul
11,643446,1,,CH,walk
11,642708,1,,FT,called_strike
11,642708,1,,CH,field_out
11,624424,1,,FT,ball
11,624424,1,,CH,foul
11,624424,1,,FF,ball
11,624424,1,,FF,field_out
11,624413,1,,CU,ball
11,624413,1,,CH,home_run
11,605204,1,,FF,ball
11,605204,1,,FF,ball
11,605204,1,,CU,called_strike
11,605204,1,,FT,ball
11,605204,1,,FF,home_run
11,467092,1,,CH,ball
11,467092,1,,FT,ball
11,467092,1,,FT,ball
11,467092,1,,FF,called_strike
11,467092,1,,CU,walk
11,453943,1,,CU,field_out
11,605412,1,,CH,called_strike
11,605412,1,,FF,foul
11,605412,1,,CH,ball
11,605412,1,,CH,ball
11,605412,1,,FF,foul
11,605412,1,,CU,strikeout
11,573186,1,,FF,foul
11,573186,1,,FF,foul
11,573186,1,,CU,foul
11,573186,1,,CU,strikeout
11,643446,1,,CH,field_out
11,642708,1,,CU,foul
11,642708,1,,FT,ball
11,642708,1,,FT,foul
11,642708,1,,CH,ball
11,642708,1,,CH,ball
11,642708,1,,FF,single
11,624424,1,,,pickoff_attempt_1b
11,624424,1,,CU,ball
11,624424,1,,,pickoff_attempt_1b
11,624424,1,,,pickoff_attempt_1b
11,624424,1,,CH,foul
11,624424,1,,FF,foul
11,624424,1,,CH,single
11,624413,1,,FT,ball
11,624413,1,,FT,field_out
11,605204,1,,FT,called_strike
11,605204,1,,FT,called_strike
11,605204,1,,FF,foul
11,605204,1,,CH,foul
11,605204,1,,CU,blocked_ball
11,605204,1,,FT,ball
11,605204,1,,FT,ball
11,605204,1,,CH,strikeout
11,467092,1,,FT,ball
11,467092,1,,FT,field_out
11,453943,1,,CU,called_strike
11,453943,1,,CU,field_out
11,605412,1,,CU,ball
11,605412,1,,FT,ball
11,605412,1,,FT,field_out
11,641645,1,,CU,called_strike
11,641645,1,,FT,swinging_strike
11,641645,1,,CH,ball
11,641645,1,,CH,field_out
12,608385,1,,FF,field_out
12,458015,1,,FT,ball
12,458015,1,,FT,swinging_strike
12,458015,1,,FF,foul
12,458015,1,,CU,ball
12,458015,1,,CU,field_out
12,553993,1,,CU,swinging_strike
12,553993,1,,FT,swinging_strike
12,553993,1,,FF,field_out
12,642165,1,,CU,ball
12,642165,1,,CU,ball
12,642165,1,,FT,foul
12,642165,1,,FT,called_strike
12,642165,1,,FF,foul
12,642165,1,,CU,strikeout
12,606157,1,,CU,called_strike
12,606157,1,,CU,ball
12,606157,1,,FT,field_out
12,520471,1,,FT,ball
12,520471,1,,FT,foul_tip
12,520471,1,,FF,ball
12,520471,1,,CU,swinging_strike
12,520471,1,,CU,single
12,578428,1,,FT,foul
12,578428,1,,,pickoff_attempt_1b
12,578428,1,,CU,swinging_strike
12,578428,1,,,pickoff_attempt_1b
12,578428,1,,CU,blocked_ball
12,578428,1,,CH,foul
12,578428,1,,CU,field_out
12,571466,1,,CU,called_strike
12,571466,1,,FT,foul
12,571466,1,,CU,ball
12,571466,1,,CH,field_out
12,545333,1,,FF,called_strike
12,545333,1,,FF,called_strike
12,545333,1,,CU,ball
12,545333,1,,FF,ball
12,545333,1,,FF,foul
12,545333,1,,CU,strikeout
12,608385,1,,CU,ball
12,608385,1,,CU,called_strike
12,608385,1,,FF,foul
12,608385,1,,CH,ball
12,608385,1,,CH,ball
12,608385,1,,CU,walk
12,458015,1,,,pickoff_attempt_1b
12,458015,1,,FF,called_strike
12,458015,1,,CH,swinging_strike
12,458015,1,,FF,ball
12,458015,1,,FF,ball
12,458015,1,,CH,field_out
12,553993,1,,FF,single
12,642165,1,,CH,ball
12,642165,1,,CH,wild_pitch
12,642165,1,,CU,called_strike
12,642165,1,,FT,single
12,606157,1,,FT,swinging_strike
12,606157,1,,FF,foul
12,606157,1,,CU,foul
12,606157,1,,CU,force_out
12,520471,1,,FT,called_strike
12,520471,1,,FT,ball
12,520471,1,,CH,foul
12,520471,1,,FF,field_out
12,578428,1,,FF,ball
12,578428,1,,CU,called_strike
12,578428,1,,FF,called_strike
12,578428,1,,CH,wild_pitch
12,578428,1,,FF,foul
12,578428,1,,CU,foul
12,578428,1,,CU,strikeout
12,545333,1,,FF,ball
12,545333,1,,FF,foul_tip
12,545333,1,,FF,foul
12,545333,1,,CU,strikeout
12,608385,1,,CU,swinging_strike
12,608385,1,,FF,single
12,458015,1,,FT,foul
12,458015,1,,,pickoff_attempt_1b
12,458015,1,,CU,foul
12,458015,1,,CH,ball
12,458015,1,,CH,field_out
12,553993,1,,FF,foul
12,553993,1,,FF,field_out
12,642165,1,,,pickoff_attempt_1b
12,642165,1,,FT,foul
12,642165,1,,CH,field_out
12,606157,1,,FF,ball
12,606157,1,,CU,called_strike
12,606157,1,,CU,field_out
12,520471,1,,FF,ball
12,520471,1,,CH,foul
12,520471,1,,CH,ball
12,520471,1,,CU,swinging_strike
12,520471,1,,CH,foul
12,520471,1,,FF,foul
12,520471,1,,CH,single
12,578428,1,,FF,ball
12,578428,1,,FF,foul
12,578428,1,,CU,swinging_strike
12,578428,1,,CH,foul
12,578428,1,,CU,double
12,571466,1,,CH,passed_ball
12,571466,1,,FF,home_run
12,640447,1,,FF,called_strike
12,640447,1,,CU,ball
12,640447,1,,CU,foul
12,640447,1,,CH,ball
12,640447,1,,CU,foul
12,640447,1,,CU,field_out
12,608385,1,,CH,ball
12,608385,1,,CH,ball
12,608385,1,,CU,ball
12,608385,1,,FF,walk
13,624428,1,,FF,field_out
13,668804,1,,FT,called_strike
13,668804,1,,FT,swinging_strike
13,668804,1,,CU,ball
13,668804,1,,CU,field_out
13,516782,1,,FF,called_strike
13,516782,1,,FF,swinging_strike
13,516782,1,,CU,foul
13,516782,1,,CH,ball
13,516782,1,,CH,strikeout
13,605137,1,,CU,ball
13,605137,1,,FT,single
13,592567,1,,FT,single
13,591741,1,,CU,ball
13,591741,1,,CU,blocked_ball
13,591741,1,,FT,foul
13,591741,1,,CH,grounded_into_double_play
13,621028,1,,CU,called_strike
13,621028,1,,FT,field_out
13,607732,1,,CU,swinging_strike
13,607732,1,,FF,called_strike
13,607732,1,,CU,ball
13,607732,1,,CU,field_out
13,605280,1,,FF,ball
13,605280,1,,FF,called_strike
13,605280,1,,CU,called_strike
13,605280,1,,CU,strikeout
13,624428,1,,FT,called_strike
13,624428,1,,CH,foul
13,624428,1,,CH,ball
13,624428,1,,FF,ball
13,624428,1,,FF,ball
13,624428,1,,CU,strikeout
13,668804,1,,CH,swinging_strike
13,668804,1,,FF,foul
13,668804,1,,CH,ball
13,668804,1,,CH,ball
13,668804,1,,CU,ball
13,668804,1,,CH,strikeout
13,516782,1,,CU,field_out
13,605137,1,,CH,called_strike
13,605137,1,,FF,foul
13,605137,1,,CU,ball
13,605137,1,,CH,ball
13,605137,1,,CH,ball
13,605137,1,,CH,field_out
13,592567,1,,FT,ball
13,592567,1,,CU,called_strike
13,592567,1,,FF,swinging_strike
13,592567,1,,FF,single
13,591741,1,,FT,foul
13,591741,1,,CU,foul
13,591741,1,,CU,wild_pitch
13,591741,1,,CH,strikeout
13,621028,1,,FF,ball
13,621028,1,,FT,ball
13,621028,1,,CU,called_strike
13,621028,1,,CH,swinging_strike
13,621028,1,,FF,ball
13,621028,1,,CU,foul
13,621028,1,,FT,field_out
13,607732,1,,FF,called_strike
13,607732,1,,FF,ball
13,607732,1,,CU,ball
13,607732,1,,CU,field_out
13,622569,1,,CU,ball
13,622569,1,,CU,called_strike
13,622569,1,,FF,swinging_strike
13,622569,1,,CU,field_out
13,624428,1,,CH,swinging_strike
13,624428,1,,CU,single
13,668804,1,,,pickoff_attempt_1b
13,668804,1,,FT,force_out
13,516782,1,,FT,called_strike
13,516782,1,,FT,ball
13,516782,1,,,pickoff_attempt_1b
13,516782,1,,CH,foul
13,516782,1,,CH,force_out
13,605137,1,,CU,called_strike
13,605137,1,,CH,swinging_strike
13,605137,1,,CH,ball
13,605137,1,,CU,ball
13,605137,1,,FF,field_out
13,592567,1,,CU,called_strike
13,592567,1,,CH,ball
13,592567,1,,CH,swinging_strike
13,592567,1,,CU,ball
13,592567,1,,CU,ball
13,592567,1,,CH,strikeout
13,591741,1,,CU,called_strike
13,591741,1,,FF,ball
13,591741,1,,FF,ball
13,591741,1,,CH,ball
13,591741,1,,CU,swinging_strike
13,591741,1,,CH,walk
13,621028,1,,FF,field_out
14,518792,1,,FT,foul
14,518792,1,,FF,swinging_strike
14,518792,1,,CU,ball
14,518792,1,,CU,ball
14,518792,1,,FF,ball
14,518792,1,,FF,foul
14,518792,1,,CU,strikeout
14,592206,1,,CU,called_strike
14,592206,1,,CU,swinging_strike
14,592206,1,,CU,ball
14,592206,1,,FT,foul
14,592206,1,,CU,ball
14,592206,1,,CH,ball
14,592206,1,,CH,strikeout
14,592178,1,,CU,ball
14,592178,1,,FF,field_out
14,595879,1,,FF,swinging_strike
14,595879,1,,CU,field_out
14,656941,1,,FF,ball
14,656941,1,,FF,ball
14,656941,1,,CU,called_strike
14,656941,1,,FT,foul
14,656941,1,,FT,ball
14,656941,1,,FT,single
14,518960,1,,FT,called_strike
14,518960,1,,FT,foul
14,518960,1,,CH,grounded_into_double_play
14,608365,1,,FF,called_strike
14,608365,1,,FF,foul
14,608365,1,,CH,strikeout
14,664023,1,,FF,called_strike
14,664023,1,,FF,ball
14,664023,1,,CH,ball
14,664023,1,,CH,swinging_strike
14,664023,1,,FF,field_out
14,430935,1,,FT,ball
14,430935,1,,FT,called_strike
14,430935,1,,CU,called_strike
14,430935,1,,FF,strikeout
14,518792,1,,CU,called_strike
14,518792,1,,CH,foul_tip
14,518792,1,,CH,single
14,592206,1,,FT,ball
14,592206,1,,,pickoff_attempt_1b
14,592206,1,,CH,ball
14,592206,1,,CH,swinging_strike
14,592206,1,,FT,foul
14,592206,1,,FT,force_out
14,592178,1,,FF,called_strike
14,592178,1,,CH,wild_pitch
14,592178,1,,FT,foul
14,592178,1,,CH,foul
14,592178,1,,CH,strikeout
14,595879,1,,FT,ball
14,595879,1,,FF,called_strike
14,595879,1,,FF,ball
14,595879,1,,CH,blocked_ball
14,595879,1,,CU,swinging_strike
14,595879,1,,FF,foul
14,595879,1,,CU,strikeout
14,656941,1,,CU,called_strike
14,656941,1,,FF,swinging_strike
14,656941,1,,CH,ball
14,656941,1,,CH,strikeout
14,518960,1,,CU,ball
14,518960,1,,CU,called_strike
14,518960,1,,CH,swinging_strike
14,518960,1,,CH,field_out
14,608365,1,,CU,called_strike
14,608365,1,,CH,ball
14,608365,1,,FT,foul
14,608365,1,,FF,ball
14,608365,1,,FT,foul
14,608365,1,,CH,home_run
14,664023,1,,CH,ball
14,664023,1,,CH,foul
14,664023,1,,FF,ball
14,664023,1,,FF,foul_tip
14,664023,1,,CH,ball
14,664023,1,,FF,foul
14,664023,1,,CU,walk
14,430935,1,,CU,ball
14,430935,1,,FT,ball
14,430935,1,,,pickoff_attempt_1b
14,430935,1,,FF,called_strike
14,430935,1,,FF,foul
14,430935,1,,CU,ball
14,430935,1,,FF,foul
14,430935,1,,FF,strikeout
14,518792,1,,CH,foul
14,518792,1,,CU,ball
14,518792,1,,FF,foul
14,518792,1,,CU,hit_by_pitch
14,592206,1,,,pickoff_attempt_1b
14,592206,1,,CH,swinging_strike
14,592206,1,,FT,ball
14,592206,1,,,pickoff_attempt_1b
14,592206,1,,,pickoff_attempt_1b
14,592206,1,,FT,single
14,592178,1,,CU,ball
14,592178,1,,CH,blocked_ball
14,592178,1,,CH,foul
14,592178,1,,CH,foul
14,592178,1,,FF,foul
14,592178,1,,FF,foul
14,592178,1,,CH,single
14,595879,1,,FT,foul
14,595879,1,,CU,swinging_strike
14,595879,1,,CU,foul
14,595879,1,,CH,strikeout
14,656941,1,,FF,ball
14,656941,1,,FT,ball
14,656941,1,,FT,field_out
14,518960,1,,CU,called_strike
14,518960,1,,FF,ball
14,518960,1,,FF,ball
14,518960,1,,CU,swinging_strike
14,518960,1,,CU,strikeout
15,542932,1,,FF,called_strike
15,542932,1,,FF,field_out
15,623912,1,,FF,swinging_strike
15,623912,1,,CU,swinging_strike
15,623912,1,,CU,ball
15,623912,1,,CU,single
15,516770,1,,FT,single
15,435522,1,,FT,called_strike
15,435522,1,,FT,foul
15,435522,1,,CH,grounded_into_double_play
15,643265,1,,FF,ball
15,643265,1,,CU,called_strike
15,643265,1,,CU,foul
15,643265,1,,CH,ball
15,643265,1,,CH,strikeout
15,595751,1,,CU,called_strike
15,595751,1,,FF,swinging_strike
15,595751,1,,FF,strikeout
15,621446,1,,FT,ball
15,621446,1,,CU,swinging_strike
15,621446,1,,FT,field_out
15,621573,1,,FF,swinging_strike
15,621573,1,,CU,called_strike
15,621573,1,,FF,ball
15,621573,1,,FF,ball
15,621573,1,,CU,foul
15,621573,1,,CU,foul
15,621573,1,,CH,foul
15,621573,1,,FF,foul
15,621573,1,,FT,strikeout
15,641154,1,,FF,swinging_strike
15,641154,1,,CU,called_strike
15,641154,1,,FF,ball
15,641154,1,,CU,strikeout
15,542932,1,,FF,called_strike
15,542932,1,,CU,called_strike
15,542932,1,,CH,strikeout
15,623912,1,,FT,called_strike
15,623912,1,,FT,foul
15,623912,1,,CH,foul
15,623912,1,,FF,ball
15,623912,1,,FT,foul
15,623912,1,,CH,ball
15,623912,1,,CH,strikeout
15,516770,1,,CH,foul_tip
15,516770,1,,CU,swinging_strike
15,516770,1,,CH,ball
15,516770,1,,CH,field_out
15,435522,1,,CU,called_strike
15,435522,1,,FT,ball
15,435522,1,,FT,field_out
15,643265,1,,CU,ball
15,643265,1,,CU,called_strike
15,643265,1,,FT,foul
15,643265,1,,CH,foul
15,643265,1,,FF,strikeout
15,595751,1,,FF,foul_tip
15,595751,1,,CU,field_out
15,621446,1,,FT,called_strike
15,621446,1,,CU,field_out
15,621573,1,,FF,foul
15,621573,1,,FF,ball
15,621573,1,,FT,ball
15,621573,1,,CU,called_strike
15,621573,1,,CH,foul
15,621573,1,,CU,strikeout
15,612672,1,,FF,called_strike
15,612672,1,,FF,foul
15,612672,1,,CU,ball
15,612672,1,,CU,strikeout
15,542932,1,,FF,ball
15,542932,1,,CU,called_strike
15,542932,1,,FF,ball
15,542932,1,,FF,foul_tip
15,542932,1,,FF,ball
15,542932,1,,CU,strikeout
15,623912,1,,CU,called_strike
15,623912,1,,CH,swinging_strike
15,623912,1,,CU,field_out
15,516770,1,,FF,called_strike
15,516770,1,,CH,ball
15,516770,1,,CH,swinging_strike
15,516770,1,,CU,foul
15,516770,1,,FF,strikeout
15,435522,1,,CH,ball
15,435522,1,,CU,called_strike
15,435522,1,,CH,foul
15,435522,1,,FF,ball
15,435522,1,,FF,foul
15,435522,1,,CH,ball
15,435522,1,,CU,foul
15,435522,1,,CU,foul
15,435522,1,,CH,strikeout
15,643265,1,,FF,swinging_strike
15,643265,1,,CU,field_out
15,595751,1,,CU,called_strike
15,595751,1,,CU,foul
15,595751,1,,CU,ball
15,595751,1,,CU,strikeout
15,621446,1,,FF,ball
15,621446,1,,FF,foul
15,621446,1,,FF,swinging_strike
15,621446,1,,CU,ball
15,621446,1,,CH,ball
15,621446,1,,CH,foul
15,621446,1,,FF,foul
15,621446,1,,CU,strikeout
16,660670,1,,FT,ball
16,660670,1,,FT,foul
16,660670,1,,FT,single
16,645277,1,,FT,ball
16,645277,1,,,pickoff_attempt_1b
16,645277,1,,FT,stolen_base_2b
16,645277,1,,CH,ball
16,645277,1,,CH,called_strike
16,645277,1,,CU,foul
16,645277,1,,FF,ball
16,645277,1,,CU,double
16,518692,1,,CU,swinging_strike
16,518692,1,,FF,ball
16,518692,1,,FF,single
16,518626,1,,FT,called_strike
16,518626,1,,CH,ball
16,518626,1,,CH,field_out
16,435263,1,,CU,ball
16,435263,1,,CU,called_strike
16,435263,1,,FF,ball
16,435263,1,,FF,swinging_strike
16,435263,1,,FF,field_out
16,621020,1,,FF,called_strike
16,621020,1,,FF,foul_tip
16,621020,1,,CH,strikeout
16,459964,1,,FT,called_strike
16,459964,1,,CH,called_strike
16,459964,1,,CH,strikeout
16,542364,1,,CU,ball
16,542364,1,,CU,called_strike
16,542364,1,,FT,ball
16,542364,1,,FT,ball
16,542364,1,,CU,swinging_strike
16,542364,1,,CH,walk
16,608331,1,,,pickoff_attempt_1b
16,608331,1,,FT,ball
16,608331,1,,FF,called_strike
16,608331,1,,,pickoff_attempt_1b
16,608331,1,,FF,ball
16,608331,1,,CU,blocked_ball
16,608331,1,,FF,walk
16,660670,1,,CU,called_strike
16,660670,1,,FT,grounded_into_double_play
16,645277,1,,CU,called_strike
16,645277,1,,CU,foul
16,645277,1,,FF,ball
16,645277,1,,CH,field_out
16,518692,1,,CH,ball
16,518692,1,,CH,called_strike
16,518692,1,,CU,ball
16,518692,1,,FF,swinging_strike
16,518692,1,,CU,foul
16,518692,1,,CH,ball
16,518692,1,,CU,foul
16,518692,1,,FF,foul
16,518692,1,,FF,field_out
16,518626,1,,CU,ball
16,518626,1,,CU,swinging_strike
16,518626,1,,FT,ball
16,518626,1,,CH,ball
16,518626,1,,CH,walk
16,435263,1,,CU,called_strike
16,435263,1,,FF,swinging_strike
16,435263,1,,CH,ball
16,435263,1,,FF,field_out
16,621020,1,,CU,called_strike
16,621020,1,,CU,ball
16,621020,1,,FF,foul
16,621020,1,,FF,ball
16,621020,1,,CH,field_out
16,459964,1,,CU,foul
16,459964,1,,CH,swinging_strike
16,459964,1,,CH,ball
16,459964,1,,CU,ball
16,459964,1,,CU,foul
16,459964,1,,FF,field_out
16,542364,1,,FT,called_strike
16,542364,1,,FT,foul
16,542364,1,,CU,foul
16,542364,1,,CH,strikeout
16,608331,1,,FF,called_strike
16,608331,1,,FF,called_strike
16,608331,1,,CH,ball
16,608331,1,,FF,ball
16,608331,1,,FF,strikeout
16,660670,1,,FT,ball
16,660670,1,,FT,ball
16,660670,1,,CU,ball
16,660670,1,,FT,home_run
16,645277,1,,CU,ball
16,645277,1,,FT,swinging_strike
16,645277,1,,FT,field_out
16,518692,1,,FF,foul
16,518692,1,,CH,called_strike
16,518692,1,,CU,ball
16,518692,1,,FF,foul
16,518692,1,,CH,strikeout
16,518626,1,,FT,ball
16,518626,1,,FF,called_strike
16,518626,1,,FT,ball
16,518626,1,,FT,called_strike
16,518626,1,,FF,foul
16,518626,1,,CU,foul
16,518626,1,,CH,ball
16,518626,1,,CU,walk
16,435263,1,,FF,swinging_strike
16,435263,1,,CH,swinging_strike
16,435263,1,,CH,strikeout
16,621020,1,,CU,called_strike
16,621020,1,,FT,ball
16,621020,1,,FT,swinging_strike
16,621020,1,,FF,foul
16,621020,1,,CH,strikeout
16,459964,1,,CH,ball
16,459964,1,,CH,ball
16,459964,1,,CU,called_strike
16,459964,1,,FT,ball
16,459964,1,,FT,field_out
17,650333,1,,FF,ball
17,650333,1,,FF,called_strike
17,650333,1,,CU,ball
17,650333,1,,FF,foul
17,650333,1,,FT,single
17,593871,1,,CU,called_strike
17,593871,1,,FF,foul
17,593871,1,,CH,blocked_ball
17,593871,1,,CH,ball
17,593871,1,,,pickoff_attempt_1b
17,593871,1,,CH,ball
17,593871,1,,FF,foul
17,593871,1,,FF,foul
17,593871,1,,CU,strikeout
17,443558,1,,FF,swinging_strike
17,443558,1,,FT,foul
17,443558,1,,CU,blocked_ball
17,443558,1,,CU,ball
17,443558,1,,FT,ball
17,443558,1,,FF,walk
17,592696,1,,CU,ball
17,592696,1,,CH,swinging_strike
17,592696,1,,CU,ball
17,592696,1,,FF,foul
17,592696,1,,FF,ball
17,592696,1,,CH,foul
17,592696,1,,FT,force_out
17,553902,1,,FF,foul
17,553902,1,,CU,ball
17,553902,1,,FF,field_out
17,501303,1,,CU,called_strike
17,501303,1,,FT,foul
17,501303,1,,CH,foul
17,501303,1,,FF,strikeout
17,664774,1,,FT,foul
17,664774,1,,CU,called_strike
17,664774,1,,FF,ball
17,664774,1,,CH,foul
17,664774,1,,CH,strikeout
17,570731,1,,FT,field_out
17,488771,1,,FF,ball
17,488771,1,,CU,swinging_strike
17,488771,1,,FF,called_strike
17,488771,1,,CH,field_out
17,650333,1,,FT,ball
17,650333,1,,CH,called_strike
17,650333,1,,FF,ball
17,650333,1,,FT,single
17,593871,1,,CH,foul
17,593871,1,,FF,home_run
17,443558,1,,CU,called_strike
17,443558,1,,CH,swinging_strike
17,443558,1,,FF,ball
17,443558,1,,CU,strikeout
17,592696,1,,FT,field_out
17,553902,1,,CU,ball
17,553902,1,,FF,foul
17,553902,1,,CU,foul
17,553902,1,,CU,ball
17,553902,1,,CH,strikeout
17,501303,1,,FT,foul
17,501303,1,,CH,swinging_strike
17,501303,1,,CH,ball
17,501303,1,,FF,strikeout
17,664774,1,,CU,ball
17,664774,1,,CU,ball
17,664774,1,,FF,foul
17,664774,1,,CH,ball
17,664774,1,,FF,walk
17,570731,1,,CU,ball
17,570731,1,,,pickoff_attempt_1b
17,570731,1,,FF,double
17,488771,1,,CU,swinging_strike
17,488771,1,,CH,swinging_strike
17,488771,1,,CH,blocked_ball
17,488771,1,,CH,ball
17,488771,1,,FF,ball
17,488771,1,,FF,strikeout
17,650333,1,,CU,ball
17,650333,1,,FF,called_strike
17,650333,1,,CU,foul
17,650333,1,,FF,foul
17,650333,1,,CU,ball
17,650333,1,,CH,foul
17,650333,1,,CU,field_out
17,593871,1,,CH,ball
17,593871,1,,FT,foul
17,593871,1,,CU,ball
17,593871,1,,CH,ball
17,593871,1,,CH,swinging_strike
17,593871,1,,CU,foul
17,593871,1,,FF,foul
17,593871,1,,CH,field_out
17,443558,1,,FF,foul_tip
17,443558,1,,CU,called_strike
17,443558,1,,FT,ball
17,443558,1,,CH,ball
17,443558,1,,FT,foul
17,443558,1,,CU,ball
17,443558,1,,CU,field_out
17,592696,1,,CU,called_strike
17,592696,1,,CU,field_out
17,553902,1,,FF,ball
17,553902,1,,FT,foul
17,553902,1,,CH,field_out
17,501303,1,,CH,field_out
18,451594,1,,FF,ball
18,451594,1,,FF,called_strike
18,451594,1,,CU,ball
18,451594,1,,FT,foul_tip
18,451594,1,,FF,foul
18,451594,1,,CH,ball
18,451594,1,,CH,walk
18,543939,1,,CU,called_strike
18,543939,1,,CH,foul
18,543939,1,,FF,ball
18,543939,1,,,pickoff_attempt_1b
18,543939,1,,CH,field_out
18,502671,1,,CU,called_strike
18,502671,1,,FT,foul
18,502671,1,,CH,foul
18,502671,1,,FF,ball
18,502671,1,,CH,strikeout
18,542303,1,,FF,ball
18,542303,1,,FT,swinging_strike
18,542303,1,,CU,foul
18,542303,1,,FF,home_run
18,657557,1,,CU,called_strike
18,657557,1,,CH,ball
18,657557,1,,CH,ball
18,657557,1,,FT,foul
18,657557,1,,FT,foul
18,657557,1,,CH,ball
18,657557,1,,CH,walk
18,425877,1,,FT,called_strike
18,425877,1,,CU,called_strike
18,425877,1,,CH,single
18,669242,1,,FT,ball
18,669242,1,,CU,called_strike
18,669242,1,,FT,foul
18,669242,1,,FF,foul
18,669242,1,,CU,foul
18,669242,1,,,pickoff_attempt_1b
18,669242,1,,FF,stolen_base_2b
18,669242,1,,CH,ball
18,669242,1,,FF,strikeout
18,664056,1,,CU,called_strike
18,664056,1,,FT,called_strike
18,664056,1,,CU,ball
18,664056,1,,CU,strikeout
18,641712,1,,FF,called_strike
18,641712,1,,FF,ball
18,641712,1,,CU,called_strike
18,641712,1,,CU,strikeout
18,451594,1,,FT,swinging_strike
18,451594,1,,CU,called_strike
18,451594,1,,FF,foul
18,451594,1,,CH,strikeout
18,543939,1,,FF,ball
18,543939,1,,CU,ball
18,543939,1,,FF,ball
18,543939,1,,FF,called_strike
18,543939,1,,CH,foul
18,543939,1,,FF,walk
18,502671,1,,,pickoff_attempt_1b
18,502671,1,,FT,foul
18,502671,1,,CU,ball
18,502671,1,,,pickoff_attempt_1b
18,502671,1,,CU,called_strike
18,502671,1,,FT,foul
18,502671,1,,CH,stolen_base_2b
18,502671,1,,FT,ball
18,502671,1,,CU,walk
18,542303,1,,FT,called_strike
18,542303,1,,FT,foul
18,542303,1,,CU,foul
18,542303,1,,FT,ball
18,542303,1,,CH,ball
18,542303,1,,CH,strikeout
18,657557,1,,FF,foul
18,657557,1,,CH,swinging_strike
18,657557,1,,FF,foul
18,657557,1,,CU,foul
18,657557,1,,FT,foul
18,657557,1,,CU,field_out
18,425877,1,,CU,field_out
18,669242,1,,CU,ball
18,669242,1,,FF,called_strike
18,669242,1,,CU,single
18,664056,1,,FT,called_strike
18,664056,1,,,pickoff_attempt_1b
18,664056,1,,,pickoff_attempt_1b
18,664056,1,,CU,foul
18,664056,1,,CU,stolen_base_2b
18,664056,1,,CH,foul
18,664056,1,,CH,blocked_ball
18,664056,1,,CU,field_out
18,641712,1,,FF,foul
18,641712,1,,CU,field_out
18,451594,1,,CU,field_out
18,543939,1,,CU,ball
18,543939,1,,CU,called_strike
18,543939,1,,CU,called_strike
18,543939,1,,CU,ball
18,543939,1,,CH,field_out
18,502671,1,,FT,called_strike
18,502671,1,,CU,called_strike
18,502671,1,,CU,field_out
18,542303,1,,CU,ball
18,542303,1,,CH,swinging_strike
18,542303,1,,CU,field_out
19,642423,1,,FT,ball
19,642423,1,,CU,foul_bunt
19,642423,1,,CH,foul
19,642423,1,,FF,foul
19,642423,1,,CU,field_out
19,500743,1,,CU,called_strike
19,500743,1,,FT,double
19,435522,1,,CU,ball
19,435522,1,,FT,ball
19,435522,1,,CH,swinging_strike
19,435522,1,,CU,called_strike
19,435522,1,,FF,strikeout
19,516770,1,,CU,field_out
19,656371,1,,FT,ball
19,656371,1,,CH,called_strike
19,656371,1,,CH,swinging_strike
19,656371,1,,CH,field_out
19,623912,1,,FT,foul
19,623912,1,,FF,ball
19,623912,1,,FT,ball
19,623912,1,,CU,swinging_strike
19,623912,1,,CU,strikeout
19,621573,1,,CU,called_strike
19,621573,1,,FT,field_out
19,592407,1,,CU,ball
19,592407,1,,FT,foul
19,592407,1,,FT,called_strike
19,592407,1,,CU,strikeout
19,657141,1,,FF,ball
19,657141,1,,FF,ball
19,657141,1,,FF,ball
19,657141,1,,FF,walk
19,642423,1,,CU,called_strike
19,642423,1,,CH,single
19,500743,1,,FT,called_strike
19,500743,1,,CU,blocked_ball
19,500743,1,,FT,foul
19,500743,1,,CU,ball
19,500743,1,,CH,field_out
19,435522,1,,CH,field_out
19,516770,1,,FT,ball
19,516770,1,,CU,ball
19,516770,1,,CU,swinging_strike
19,516770,1,,FT,ball
19,516770,1,,FT,foul
19,516770,1,,FT,field_out
19,656371,1,,CU,called_strike
19,656371,1,,FF,ball
19,656371,1,,CU,called_strike
19,656371,1,,CH,ball
19,656371,1,,CH,foul
19,656371,1,,CU,field_out
19,623912,1,,FT,called_strike
19,623912,1,,CU,single
19,621573,1,,CU,blocked_ball
19,621573,1,,FT,called_strike
19,621573,1,,FT,called_strike
19,621573,1,,CU,field_out
19,592407,1,,FT,called_strike
19,592407,1,,FT,ball
19,592407,1,,CH,ball
19,592407,1,,CU,ball
19,592407,1,,FT,foul
19,592407,1,,FT,field_out
19,445988,1,,FT,field_out
19,642423,1,,CH,swinging_strike
19,642423,1,,CU,called_strike
19,642423,1,,FF,field_out
19,500743,1,,CH,foul_tip
19,500743,1,,FT,called_strike
19,500743,1,,CH,ball
19,500743,1,,CH,field_out
19,435522,1,,FT,called_strike
19,435522,1,,CH,foul
19,435522,1,,CH,ball
19,435522,1,,CH,ball
19,435522,1,,CU,ball
19,435522,1,,CU,strikeout
19,516770,1,,CH,called_strike
19,516770,1,,CU,ball
19,516770,1,,FT,foul
19,516770,1,,CU,strikeout
19,656371,1,,CH,ball
19,656371,1,,FT,ball
19,656371,1,,FT,ball
19,656371,1,,FF,called_strike
19,656371,1,,FT,called_strike
19,656371,1,,CU,strikeout
19,623912,1,,CU,ball
19,623912,1,,FT,foul
19,623912,1,,FT,ball
19,623912,1,,CU,called_strike
19,623912,1,,CU,foul
19,623912,1,,FT,foul
19,623912,1,,CU,ball
19,623912,1,,CU,foul
19,623912,1,,CH,walk
19,621573,1,,FT,foul
19,621573,1,,CU,ball
19,621573,1,,,pickoff_attempt_1b
19,621573,1,,CU,called_strike
19,621573,1,,FT,field_out
19,434158,1,,CU,ball
19,434158,1,,CH,ball
19,434158,1,,CH,ball
19,434158,1,,FF,walk
19,595751,1,,CU,called_strike
19,595751,1,,FF,hit_by_pitch
19,642423,1,,CH,ball
19,642423,1,,FT,field_out
20,514917,1,,FF,foul
20,514917,1,,CU,foul
20,514917,1,,CH,foul
20,514917,1,,FF,ball
20,514917,1,,CU,foul
20,514917,1,,CH,field_out
20,547180,1,,FT,foul
20,547180,1,,CH,foul
20,547180,1,,FF,ball
20,547180,1,,FT,foul
20,547180,1,,CU,foul
20,547180,1,,FT,foul
20,547180,1,,CU,ball
20,547180,1,,CU,strikeout
20,656555,1,,CU,called_strike
20,656555,1,,CH,foul
20,656555,1,,FF,ball
20,656555,1,,FF,strikeout
20,543543,1,,FT,ball
20,543543,1,,CU,swinging_strike
20,543543,1,,FF,ball
20,543543,1,,CH,field_out
20,516416,1,,FT,called_strike
20,516416,1,,FT,ball
20,516416,1,,CH,single
20,656514,1,,CU,blocked_ball
20,656514,1,,FT,ball
20,656514,1,,FT,grounded_into_double_play
20,596748,1,,CU,called_strike
20,596748,1,,FF,ball
20,596748,1,,FT,called_strike
20,596748,1,,CU,strikeout
20,595284,1,,FF,foul
20,595284,1,,CU,called_strike
20,595284,1,,FF,foul
20,595284,1,,CU,ball
20,595284,1,,CU,foul
20,595284,1,,CH,ball
20,595284,1,,CH,foul
20,595284,1,,CU,foul
20,595284,1,,FF,foul
20,595284,1,,CH,strikeout
20,450306,1,,FF,ball
20,450306,1,,FF,called_strike
20,450306,1,,CU,ball
20,450306,1,,FF,ball
20,450306,1,,FT,called_strike
20,450306,1,,FF,strikeout
20,514917,1,,FF,called_strike
20,514917,1,,FF,ball
20,514917,1,,CH,ball
20,514917,1,,CU,home_run
20,547180,1,,CH,ball
20,547180,1,,FT,ball
20,547180,1,,FT,foul
20,547180,1,,FT,foul
20,547180,1,,FF,strikeout
20,656555,1,,CU,called_strike
20,656555,1,,FF,single
20,543543,1,,FF,called_strike
20,543543,1,,FT,foul
20,543543,1,,CU,ball
20,543543,1,,CU,grounded_into_double_play
20,516416,1,,CU,called_strike
20,516416,1,,FT,field_out
20,656514,1,,FT,ball
20,656514,1,,CH,called_strike
20,656514,1,,FF,foul_tip
20,656514,1,,CU,ball
20,656514,1,,CH,strikeout
20,596748,1,,FF,field_out
20,595284,1,,FF,foul
20,595284,1,,FT,ball
20,595284,1,,CH,ball
20,595284,1,,FF,ball
20,595284,1,,FF,double
20,608384,1,,CU,called_strike
20,608384,1,,FT,swinging_strike
20,608384,1,,CH,foul
20,608384,1,,FT,ball
20,608384,1,,CH,strikeout
20,514917,1,,CU,ball
20,514917,1,,FF,foul
20,514917,1,,FF,swinging_strike
20,514917,1,,CH,ball
20,514917,1,,FF,strikeout
20,547180,1,,CU,ball
20,547180,1,,FF,foul
20,547180,1,,FT,foul
20,547180,1,,CH,blocked_ball
20,547180,1,,CH,ball
20,547180,1,,CH,strikeout
21,460075,1,,FF,single
21,519346,1,,FT,called_strike
21,519346,1,,FT,foul
21,519346,1,,CH,grounded_into_double_play
21,456715,1,,CU,called_strike
21,456715,1,,FT,called_strike
21,456715,1,,CH,ball
21,456715,1,,CH,strikeout
21,606115,1,,CU,called_strike
21,606115,1,,FF,foul
21,606115,1,,CU,foul
21,606115,1,,FF,field_out
21,519141,1,,FF,called_strike
21,519141,1,,FF,swinging_strike
21,519141,1,,CU,ball
21,519141,1,,CU,strikeout
21,663757,1,,CU,called_strike
21,663757,1,,CU,ball
21,663757,1,,FF,ball
21,663757,1,,CU,called_strike
21,663757,1,,FF,ball
21,663757,1,,CU,strikeout
21,518735,1,,CU,called_strike
21,518735,1,,FT,foul
21,518735,1,,CH,strikeout
21,519058,1,,FF,ball
21,519058,1,,CH,field_out
21,669374,1,,CU,called_strike
21,669374,1,,CH,ball
21,669374,1,,CH,foul
21,669374,1,,FF,double
21,460075,1,,FT,ball
21,460075,1,,FT,called_strike
21,460075,1,,FT,field_out
22,592626,1,,FT,swinging_strike
22,592626,1,,FF,called_strike
22,592626,1,,CH,ball
22,592626,1,,CH,strikeout
22,457759,1,,CU,ball
22,457759,1,,FT,foul
22,457759,1,,FT,field_out
22,572041,1,,CU,swinging_strike
22,572041,1,,FT,ball
22,572041,1,,FT,ball
22,572041,1,,CU,swinging_strike
22,572041,1,,FF,ball
22,572041,1,,CU,strikeout
22,641355,1,,FT,field_out
22,571970,1,,FT,ball
22,571970,1,,FT,called_strike
22,571970,1,,CU,called_strike
22,571970,1,,FF,strikeout
22,669257,1,,FF,ball
22,669257,1,,CU,called_strike
22,669257,1,,CU,swinging_strike
22,669257,1,,CU,ball
22,669257,1,,CU,field_out
22,608369,1,,FF,swinging_strike
22,608369,1,,CH,ball
22,608369,1,,CH,ball
22,608369,1,,CU,swinging_strike
22,608369,1,,CH,ball
22,608369,1,,CH,foul
22,608369,1,,CU,strikeout
22,666158,1,,CU,called_strike
22,666158,1,,FT,called_strike
22,666158,1,,CU,ball
22,666158,1,,CU,strikeout
22,477132,1,,FF,ball
22,477132,1,,FT,called_strike
22,477132,1,,FT,field_out
22,592626,1,,FT,foul
22,592626,1,,CH,foul
22,592626,1,,FF,field_out
22,457759,1,,FT,ball
22,457759,1,,CU,ball
22,457759,1,,CU,field_out
22,572041,1,,FT,called_strike
22,572041,1,,CU,called_strike
22,572041,1,,CU,ball
22,572041,1,,FT,strikeout
22,641355,1,,CU,ball
22,641355,1,,CU,called_strike
22,641355,1,,CH,foul
22,641355,1,,CH,strikeout
22,571970,1,,CU,ball
22,571970,1,,CU,called_strike
22,571970,1,,CH,ball
22,571970,1,,CU,foul
22,571970,1,,CU,foul
22,571970,1,,FF,foul
22,571970,1,,FF,strikeout
22,669257,1,,CU,ball
22,669257,1,,CU,ball
22,669257,1,,CU,called_strike
22,669257,1,,FT,called_strike
22,669257,1,,CH,single
22,608369,1,,CU,swinging_strike
22,608369,1,,CH,swinging_strike_blocked
22,608369,1,,CH,ball
22,608369,1,,CU,foul
22,608369,1,,CH,blocked_ball
22,608369,1,,FT,foul
22,608369,1,,CU,ball
22,608369,1,,CU,foul
22,608369,1,,CH,strikeout
22,666158,1,,CU,swinging_strike
22,666158,1,,FF,swinging_strike
22,666158,1,,CH,ball
22,666158,1,,CH,strikeout
22,607461,1,,CU,ball
22,607461,1,,CU,called_strike
22,607461,1,,FT,ball
22,607461,1,,FF,single
22,592626,1,,CH,foul_tip
22,592626,1,,FT,double
22,457759,1,,FT,sac_fly
22,572041,1,,FT,ball
22,572041,1,,FT,field_out
23,592626,1,,FF,ball
23,592626,1,,FT,called_strike
23,592626,1,,FT,double
23,571970,1,,CU,blocked_ball
23,571970,1,,CU,blocked_ball
23,571970,1,,CU,ball
23,571970,1,,FF,called_strike
23,571970,1,,FF,home_run
23,457759,1,,FT,ball
23,457759,1,,CU,ball
23,457759,1,,CU,ball
23,457759,1,,FT,walk
23,641355,1,,FT,called_strike
23,641355,1,,CH,ball
23,641355,1,,,pickoff_attempt_1b
23,641355,1,,CU,called_strike
23,641355,1,,FF,strikeout
23,607461,1,,FT,single
23,608369,1,,CU,foul_tip
23,608369,1,,FT,foul
23,608369,1,,CH,ball
23,608369,1,,CH,ball
23,608369,1,,CU,grounded_into_double_play
23,571771,1,,CU,ball
23,571771,1,,FF,home_run
23,669257,1,,FT,ball
23,669257,1,,CU,called_strike
23,669257,1,,CU,field_out
23,621111,1,,FF,called_strike
23,621111,1,,FF,field_out
23,592626,1,,CU,ball
23,592626,1,,FF,called_strike
23,592626,1,,FF,foul
23,592626,1,,CH,single
23,571970,1,,CU,called_strike
23,571970,1,,,pickoff_attempt_1b
23,571970,1,,CU,field_out
23,457759,1,,CU,called_strike
23,457759,1,,CU,foul
23,457759,1,,CH,ball
23,457759,1,,CH,foul
23,457759,1,,FT,field_out
23,641355,1,,CH,swinging_strike
23,641355,1,,FF,ball
23,641355,1,,FT,foul
23,641355,1,,CH,foul
23,641355,1,,CH,field_error
23,607461,1,,,pickoff_attempt_1b
23,607461,1,,,pickoff_attempt_1b
23,607461,1,,CU,ball
23,607461,1,,CU,stolen_base_2b
23,607461,1,,FF,ball
23,607461,1,,CU,foul
23,607461,1,,CH,foul
23,607461,1,,FF,ball
23,607461,1,,CU,field_out
23,608369,1,,FF,ball
23,608369,1,,CU,foul
23,608369,1,,FT,swinging_strike
23,608369,1,,CH,blocked_ball
23,608369,1,,FT,foul
23,608369,1,,FT,strikeout
23,571771,1,,FT,ball
23,571771,1,,CU,called_strike
23,571771,1,,CH,ball
23,571771,1,,CU,swinging_strike
23,571771,1,,FT,field_out
23,669257,1,,CU,called_strike
23,669257,1,,CU,swinging_strike
23,669257,1,,FF,ball
23,669257,1,,FF,ball
23,669257,1,,CU,ball
23,669257,1,,CU,strikeout
23,621111,1,,CU,called_strike
23,621111,1,,CU,called_strike
23,621111,1,,FF,ball
23,621111,1,,CU,strikeout
23,592626,1,,CU,called_strike
23,592626,1,,FF,swinging_strike
23,592626,1,,CH,foul
23,592626,1,,FF,ball
23,592626,1,,FT,foul
23,592626,1,,FF,ball
23,592626,1,,CH,field_out
23,571970,1,,CH,ball
23,571970,1,,CU,ball
23,571970,1,,CU,ball
23,571970,1,,FT,called_strike
23,571970,1,,CU,foul
23,571970,1,,CU,field_out
23,457759,1,,CU,foul
23,457759,1,,CU,field_out
23,641355,1,,CU,called_strike
23,641355,1,,CU,swinging_strike
23,641355,1,,FF,single
23,607461,1,,CU,stolen_base_2b
23,607461,1,,CU,foul
23,607461,1,,CU,foul
23,607461,1,,CH,strikeout
23,608369,1,,FT,foul
23,608369,1,,CH,blocked_ball
23,608369,1,,CH,swinging_strike
23,608369,1,,CU,strikeout
23,571771,1,,CU,swinging_strike
23,571771,1,,FT,foul
23,571771,1,,CU,foul
23,571771,1,,FF,foul
23,571771,1,,CH,blocked_ball
23,571771,1,,CH,strikeout
24,451594,1,,FF,called_strike
24,451594,1,,FT,called_strike
24,451594,1,,CU,strikeout
24,543939,1,,FT,field_out
24,502671,1,,FT,ball
24,502671,1,,CU,ball
24,502671,1,,CU,called_strike
24,502671,1,,FF,swinging_strike
24,502671,1,,CU,ball
24,502671,1,,CU,strikeout
24,542303,1,,FF,called_strike
24,542303,1,,FT,ball
24,542303,1,,FT,foul
24,542303,1,,CH,ball
24,542303,1,,CU,double
24,500874,1,,FT,ball
24,500874,1,,FT,called_strike
24,500874,1,,FT,called_strike
24,500874,1,,CH,foul
24,500874,1,,FT,foul
24,500874,1,,FT,fielders_choice_out
24,425877,1,,,pickoff_attempt_1b
24,425877,1,,FF,foul
24,425877,1,,FF,field_out
24,669242,1,,CU,called_strike
24,669242,1,,FF,ball
24,669242,1,,FT,ball
24,669242,1,,FT,ball
24,669242,1,,CU,called_strike
24,669242,1,,FF,field_out
24,657557,1,,CU,called_strike
24,657557,1,,FT,swinging_strike
24,657557,1,,CH,ball
24,657557,1,,FF,foul
24,657557,1,,FF,foul
24,657557,1,,CH,ball
24,657557,1,,CH,ball
24,657557,1,,CH,field_out
24,656427,1,,FT,ball
24,656427,1,,FF,called_strike
24,656427,1,,FF,called_strike
24,656427,1,,CU,ball
24,656427,1,,CU,strikeout
24,451594,1,,CU,called_strike
24,451594,1,,CH,swinging_strike
24,451594,1,,CH,ball
24,451594,1,,CH,strikeout
24,543939,1,,FT,ball
24,543939,1,,FT,ball
24,543939,1,,FT,called_strike
24,543939,1,,CU,called_strike
24,543939,1,,CU,foul
24,543939,1,,FF,field_out
24,502671,1,,CU,ball
24,502671,1,,CU,called_strike
24,502671,1,,FT,foul
24,502671,1,,CH,strikeout
24,542303,1,,CU,ball
24,542303,1,,FF,single
24,500874,1,,FT,called_strike
24,500874,1,,CH,ball
24,500874,1,,CH,swinging_strike
24,500874,1,,FF,ball
24,500874,1,,FF,foul
24,500874,1,,CH,foul
24,500874,1,,FT,single
24,425877,1,,CU,field_out
24,669242,1,,CU,called_strike
24,669242,1,,CH,foul
24,669242,1,,CH,strikeout
24,657557,1,,FT,foul
24,657557,1,,CH,swinging_strike
24,657557,1,,CH,ball
24,657557,1,,FT,single
24,572761,1,,CU,called_strike
24,572761,1,,FT,called_strike
24,572761,1,,CH,blocked_ball
24,572761,1,,CH,ball
24,572761,1,,CH,ball
24,572761,1,,CU,strikeout
24,451594,1,,,pickoff_attempt_1b
24,451594,1,,CH,field_out
24,543939,1,,FT,called_strike
24,543939,1,,CU,called_strike
24,543939,1,,CH,field_out
24,502671,1,,FF,swinging_strike
24,502671,1,,CH,swinging_strike
24,502671,1,,CH,strikeout
24,542303,1,,CH,ball
24,542303,1,,FT,called_strike
24,542303,1,,FT,foul
24,542303,1,,CH,strikeout
24,500874,1,,FF,called_strike
24,500874,1,,FF,ball
24,500874,1,,FT,foul
24,500874,1,,CU,ball
24,500874,1,,CH,ball
24,500874,1,,CH,foul
24,500874,1,,FT,foul
24,500874,1,,FT,foul
24,500874,1,,CU,foul
24,500874,1,,CU,single
24,425877,1,,FT,single
24,669242,1,,CU,called_strike
24,669242,1,,CH,blocked_ball
24,669242,1,,CH,foul
24,669242,1,,CU,foul
24,669242,1,,FF,ball
24,669242,1,,FF,foul
24,669242,1,,CH,strikeout
24,657557,1,,FT,single
24,446308,1,,FT,ball
24,446308,1,,CH,ball
24,446308,1,,CH,called_strike
24,446308,1,,CH,foul
24,446308,1,,CH,strikeout
24,451594,1,,CU,called_strike
24,451594,1,,FT,foul
24,451594,1,,CH,strikeout
25,543807,1,,FF,called_strike
25,543807,1,,FF,foul
25,543807,1,,CU,strikeout
25,514888,1,,FF,ball
25,514888,1,,FF,ball
25,514888,1,,CU,called_strike
25,514888,1,,FT,called_strike
25,514888,1,,CU,double
25,488726,1,,FT,caught_stealing_3b
25,488726,1,,CH,swinging_strike
25,488726,1,,CH,ball
25,488726,1,,CH,ball
25,488726,1,,FF,ball
25,488726,1,,FT,single
25,608324,1,,CU,ball
25,608324,1,,CU,called_strike
25,608324,1,,FT,swinging_strike
25,608324,1,,CH,blocked_ball
25,608324,1,,CH,home_run
25,493329,1,,FT,ball
25,493329,1,,FT,called_strike
25,493329,1,,FT,field_out
25,670541,1,,CU,called_strike
25,670541,1,,FT,ball
25,670541,1,,FF,ball
25,670541,1,,CU,field_out
25,621043,1,,FT,ball
25,621043,1,,FT,ball
25,621043,1,,CU,called_strike
25,621043,1,,FT,ball
25,621043,1,,FT,swinging_strike
25,621043,1,,CU,strikeout
25,455139,1,,CU,ball
25,455139,1,,FT,ball
25,455139,1,,FT,foul
25,455139,1,,FT,called_strike
25,455139,1,,CH,strikeout
25,502210,1,,CU,called_strike
25,502210,1,,FT,foul
25,502210,1,,CH,strikeout
25,543807,1,,FT,ball
25,543807,1,,FT,ball
25,543807,1,,CU,swinging_strike
25,543807,1,,FT,ball
25,543807,1,,FT,field_out
25,514888,1,,CU,called_strike
25,514888,1,,FT,ball
25,514888,1,,FT,ball
25,514888,1,,FT,foul
25,514888,1,,FT,ball
25,514888,1,,CU,field_error
25,488726,1,,,pickoff_attempt_1b
25,488726,1,,FT,ball
25,488726,1,,,pickoff_attempt_1b
25,488726,1,,,pickoff_attempt_1b
25,488726,1,,CU,called_strike
25,488726,1,,CH,foul
25,488726,1,,FF,foul
25,488726,1,,,pickoff_attempt_1b
25,488726,1,,CH,foul
25,488726,1,,CH,single
25,608324,1,,FF,force_out
25,493329,1,,FF,called_strike
25,493329,1,,CH,foul
25,493329,1,,FF,strikeout
25,670541,1,,FF,ball
25,670541,1,,CH,ball
25,670541,1,,CH,single
25,621043,1,,FT,foul
25,621043,1,,CH,ball
25,621043,1,,CH,field_out
25,455139,1,,CU,foul
25,455139,1,,FF,swinging_strike
25,455139,1,,FF,foul
25,455139,1,,CH,ball
25,455139,1,,CH,strikeout
25,502210,1,,CH,ball
25,502210,1,,FF,foul
25,502210,1,,CU,field_out
25,543807,1,,FT,ball
25,543807,1,,FT,field_out
25,514888,1,,CU,called_strike
25,514888,1,,FT,single
25,488726,1,,FT,ball
25,488726,1,,,pickoff_attempt_1b
25,488726,1,,FT,called_strike
25,488726,1,,FT,foul
25,488726,1,,CH,foul
25,488726,1,,,pickoff_attempt_1b
25,488726,1,,CH,foul
25,488726,1,,,pickoff_attempt_1b
25,488726,1,,CH,blocked_ball
25,488726,1,,CU,field_out
25,608324,1,,FF,foul
25,608324,1,,FF,ball
25,608324,1,,FT,called_strike
25,608324,1,,CH,ball
25,608324,1,,FF,field_out
25,493329,1,,CU,foul
25,493329,1,,CH,foul
25,493329,1,,CU,ball
25,493329,1,,CH,ball
25,493329,1,,FT,foul
25,493329,1,,CU,ball
25,493329,1,,CU,double
25,670541,1,,FF,ball
25,670541,1,,FF,ball
25,621043,1,,FT,foul
25,621043,1,,FT,ball
25,621043,1,,CU,foul
25,621043,1,,CH,ball
25,621043,1,,FT,ball
25,621043,1,,CH,field_out
25,663656,1,,CU,ball
25,663656,1,,FT,ball
25,663656,1,,CU,called_strike
25,663656,1,,CH,swinging_strike
25,663656,1,,FT,foul
25,663656,1,,CH,foul
25,663656,1,,FF,ball
25,663656,1,,CU,strikeout
26,543807,1,,FF,double
26,514888,1,,CU,wild_pitch
26,514888,1,,FT,blocked_ball
26,514888,1,,CU,sac_fly
26,488726,1,,FF,foul
26,488726,1,,CU,ball
26,488726,1,,FT,called_strike
26,488726,1,,CU,ball
26,488726,1,,CH,strikeout
26,608324,1,,FT,ball
26,608324,1,,CU,ball
26,608324,1,,FT,home_run
26,493329,1,,FT,field_out
26,670541,1,,CU,called_strike
26,670541,1,,FF,field_out
26,621043,1,,FT,ball
26,621043,1,,CU,called_strike
26,621043,1,,FT,field_out
26,455139,1,,CU,ball
26,455139,1,,FT,field_out
26,502210,1,,FT,called_strike
26,502210,1,,FT,ball
26,502210,1,,FT,foul
26,502210,1,,CH,ball
26,502210,1,,FF,foul
26,502210,1,,CH,strikeout
26,543807,1,,FT,called_strike
26,543807,1,,CU,ball
26,543807,1,,CH,called_strike
26,543807,1,,CU,ball
26,543807,1,,CU,ball
26,543807,1,,FF,field_out
26,514888,1,,FT,foul
26,514888,1,,FT,ball
26,514888,1,,CU,field_out
26,488726,1,,FT,foul
26,488726,1,,CU,called_strike
26,488726,1,,CU,field_out
26,608324,1,,CU,ball
26,608324,1,,CU,called_strike
26,608324,1,,FF,field_out
26,493329,1,,CU,ball
26,493329,1,,CH,ball
26,493329,1,,FT,called_strike
26,493329,1,,CU,ball
26,493329,1,,FF,walk
26,670541,1,,FT,ball
26,670541,1,,CU,ball
26,670541,1,,CU,blocked_ball
26,670541,1,,FF,walk
26,621043,1,,FF,ball
26,621043,1,,CU,ball
26,621043,1,,FF,swinging_strike
26,621043,1,,FT,called_strike
26,621043,1,,CU,strikeout
26,455139,1,,CU,called_strike
26,455139,1,,CH,ball
26,455139,1,,CU,foul
26,455139,1,,CH,ball
26,455139,1,,FF,foul
26,455139,1,,CU,strikeout
26,502210,1,,CU,foul
26,502210,1,,CH,ball
26,502210,1,,CH,swinging_strike
26,502210,1,,CH,single
26,543807,1,,FT,called_strike
26,543807,1,,CU,ball
26,543807,1,,FT,called_strike
26,543807,1,,CH,foul
26,543807,1,,CU,blocked_ball
26,543807,1,,CU,double
26,514888,1,,CH,swinging_strike
26,514888,1,,CU,foul
26,514888,1,,CU,strikeout
26,488726,1,,CU,ball
26,488726,1,,CH,foul
26,488726,1,,FF,field_out
26,608324,1,,FF,ball
26,608324,1,,FF,ball
26,608324,1,,CU,single
26,493329,1,,FT,force_out
26,670541,1,,CU,force_out
26,621043,1,,CU,called_strike
26,621043,1,,FF,called_strike
26,621043,1,,CU,ball
26,621043,1,,CH,strikeout
26,455139,1,,FF,called_strike
26,455139,1,,CH,swinging_strike
26,455139,1,,CU,ball
26,455139,1,,FT,strikeout
26,502210,1,,FT,called_strike
26,502210,1,,FT,field_out
26,543807,1,,CU,ball
26,543807,1,,CH,ball
26,543807,1,,FT,called_strike
26,543807,1,,CU,ball
26,543807,1,,FF,field_out
26,514888,1,,CU,called_strike
26,514888,1,,CH,ball
26,514888,1,,FF,field_out
26,488726,1,,FF,field_out
26,608324,1,,CU,field_out
26,493329,1,,CU,called_strike
26,493329,1,,FF,field_out